1,Su,1,2012,03:25,3.5,09:34,1.3,15:43,3.5,22:05,1.3
2,Mo,1,2012,04:16,3.4,10:25,1.4,16:34,3.4,22:58,1.4
3,Tu,1,2012,05:15,3.3,11:25,1.5,17:32,3.4,23:56,1.4
4,We,1,2012,06:21,3.3,12:33,1.6,18:36,3.3,,
5,Th,1,2012,00:59,1.4,07:28,3.4,13:38,1.5,19:41,3.4
6,Fr,1,2012,02:00,1.3,08:27,3.5,14:34,1.3,20:39,3.5
7,Sa,1,2012,02:53,1.1,09:16,3.7,15:23,1.1,21:29,3.6
8,Su,1,2012,03:39,1.0,09:58,3.9,16:06,0.9,22:13,3.8
9,Mo,1,2012,04:22,0.8,10:38,4.0,16:48,0.8,22:55,3.9
10,Tu,1,2012,05:04,0.6,11:17,4.1,17:29,0.6,23:36,4.0
11,We,1,2012,05:44,0.5,11:56,4.2,18:10,0.6,,
12,Th,1,2012,00:16,4.0,06:25,0.5,12:36,4.2,18:52,0.5
13,Fr,1,2012,00:58,4.0,07:07,0.5,13:17,4.2,19:35,0.6
14,Sa,1,2012,01:41,4.0,07:51,0.6,14:01,4.1,20:20,0.6
15,Su,1,2012,02:26,3.9,08:38,0.7,14:48,4.0,21:09,0.8
16,Mo,1,2012,03:16,3.8,09:29,0.9,15:40,3.9,22:02,0.9
17,Tu,1,2012,04:13,3.7,10:28,1.1,16:40,3.7,23:02,1.0
18,We,1,2012,05:18,3.6,11:35,1.2,17:47,3.6,,
19,Th,1,2012,00:09,1.1,06:31,3.6,12:47,1.2,19:01,3.6
20,Fr,1,2012,01:19,1.1,07:45,3.7,13:58,1.1,20:13,3.7
21,Sa,1,2012,02:27,0.9,08:51,3.8,15:01,0.9,21:17,3.8
22,Su,1,2012,03:25,0.8,09:47,4.0,15:55,0.8,22:11,3.9
23,Mo,1,2012,04:16,0.6,10:35,4.1,16:43,0.6,22:58,4.0
24,Tu,1,2012,05:02,0.5,11:18,4.2,17:27,0.6,23:40,4.0
25,We,1,2012,05:44,0.5,11:57,4.2,18:08,0.6,,
26,Th,1,2012,00:18,4.0,06:23,0.6,12:33,4.1,18:46,0.6
27,Fr,1,2012,00:54,3.9,07:00,0.7,13:08,4.0,19:23,0.7
28,Sa,1,2012,01:28,3.9,07:36,0.8,13:41,3.9,19:58,0.9
29,Su,1,2012,02:02,3.7,08:11,1.0,14:15,3.8,20:34,1.0
30,Mo,1,2012,02:39,3.6,08:48,1.2,14:53,3.6,21:12,1.2
31,Tu,1,2012,03:20,3.5,09:29,1.4,15:38,3.5,21:56,1.3
1,We,2,2012,04:11,3.3,10:21,1.5,16:31,3.3,22:50,1.5
2,Th,2,2012,05:14,3.2,11:28,1.6,17:35,3.3,23:58,1.5
3,Fr,2,2012,06:29,3.3,12:47,1.6,18:50,3.3,,
4,Sa,2,2012,01:14,1.4,07:43,3.4,13:57,1.4,20:02,3.4
5,Su,2,2012,02:19,1.3,08:42,3.6,14:53,1.2,21:01,3.6
6,Mo,2,2012,03:12,1.0,09:30,3.8,15:41,0.9,21:50,3.8
7,Tu,2,2012,03:59,0.8,10:14,4.0,16:25,0.7,22:34,4.0
8,We,2,2012,04:42,0.6,10:55,4.2,17:07,0.5,23:17,4.1
9,Th,2,2012,05:25,0.4,11:36,4.3,17:50,0.4,23:58,4.2
10,Fr,2,2012,06:07,0.3,12:17,4.4,18:32,0.3,,
11,Sa,2,2012,00:40,4.2,06:49,0.4,12:59,4.3,19:15,0.4
12,Su,2,2012,01:23,4.2,07:33,0.5,13:42,4.2,19:59,0.5
13,Mo,2,2012,02:08,4.0,08:19,0.6,14:29,4.0,20:47,0.7
14,Tu,2,2012,02:56,3.9,09:09,0.8,15:20,3.8,21:39,0.9
15,We,2,2012,03:52,3.7,10:07,1.1,16:19,3.6,22:38,1.1
16,Th,2,2012,04:58,3.6,11:15,1.2,17:29,3.5,23:48,1.2
17,Fr,2,2012,06:13,3.5,12:31,1.3,18:47,3.5,,
18,Sa,2,2012,01:02,1.2,07:29,3.6,13:43,1.2,20:01,3.5
19,Su,2,2012,02:11,1.1,08:34,3.8,14:44,1.0,21:02,3.7
20,Mo,2,2012,03:08,0.9,09:28,3.9,15:37,0.8,21:53,3.9
21,Tu,2,2012,03:58,0.7,10:14,4.1,16:22,0.7,22:38,4.0
22,We,2,2012,04:41,0.6,10:55,4.2,17:04,0.6,23:17,4.0
23,Th,2,2012,05:21,0.5,11:32,4.2,17:42,0.6,23:53,4.1
24,Fr,2,2012,05:57,0.6,12:05,4.1,18:17,0.6,,
25,Sa,2,2012,00:25,4.0,06:32,0.6,12:37,4.1,18:51,0.7
26,Su,2,2012,00:57,3.9,07:05,0.8,13:07,3.9,19:23,0.8
27,Mo,2,2012,01:28,3.8,07:37,0.9,13:39,3.8,19:56,0.9
28,Tu,2,2012,02:01,3.7,08:11,1.1,14:15,3.7,20:30,1.1
29,We,2,2012,02:39,3.6,08:49,1.3,14:57,3.5,21:10,1.3
1,Th,3,2012,03:25,3.4,09:35,1.4,15:47,3.4,22:00,1.4
2,Fr,3,2012,04:23,3.3,10:37,1.6,16:49,3.2,23:05,1.5
3,Sa,3,2012,05:35,3.3,11:58,1.6,18:04,3.2,,
4,Su,3,2012,00:26,1.5,06:54,3.4,13:16,1.5,19:22,3.4
5,Mo,3,2012,01:41,1.3,08:01,3.6,14:18,1.2,20:27,3.6
6,Tu,3,2012,02:41,1.0,08:56,3.8,15:10,0.9,21:21,3.8
7,We,3,2012,03:31,0.7,09:44,4.1,15:57,0.6,22:09,4.1
8,Th,3,2012,04:18,0.5,10:29,4.3,16:43,0.4,22:54,4.3
9,Fr,3,2012,05:02,0.3,11:13,4.4,17:26,0.2,23:37,4.4
10,Sa,3,2012,05:46,0.2,11:56,4.4,18:10,0.2,,
11,Su,3,2012,00:21,4.4,06:30,0.3,12:40,4.4,18:54,0.3
12,Mo,3,2012,01:04,4.3,07:14,0.4,13:24,4.2,19:39,0.5
13,Tu,3,2012,01:50,4.1,08:01,0.6,14:12,4.0,20:26,0.7
14,We,3,2012,02:39,3.9,08:52,0.9,15:04,3.8,21:19,0.9
15,Th,3,2012,03:35,3.7,09:51,1.1,16:05,3.6,22:20,1.1
16,Fr,3,2012,04:42,3.6,11:00,1.3,17:18,3.4,23:30,1.3
17,Sa,3,2012,05:57,3.5,12:14,1.3,18:33,3.4,,
18,Su,3,2012,00:44,1.3,07:08,3.6,13:23,1.2,19:41,3.5
19,Mo,3,2012,01:50,1.1,08:10,3.7,14:22,1.0,20:40,3.7
20,Tu,3,2012,02:46,1.0,09:03,3.9,15:12,0.9,21:29,3.8
21,We,3,2012,03:34,0.8,09:48,4.0,15:56,0.7,22:12,4.0
22,Th,3,2012,04:16,0.7,10:28,4.1,16:36,0.6,22:51,4.0
23,Fr,3,2012,04:55,0.6,11:04,4.1,17:13,0.6,23:25,4.1
24,Sa,3,2012,05:30,0.6,11:36,4.1,17:48,0.6,23:57,4.0
25,Su,3,2012,06:04,0.7,12:07,4.0,18:20,0.7,,
26,Mo,3,2012,00:28,4.0,06:36,0.8,12:38,3.9,18:52,0.8
27,Tu,3,2012,00:58,3.9,07:09,0.9,13:10,3.8,19:24,0.9
28,We,3,2012,01:31,3.8,07:43,1.1,13:46,3.7,19:59,1.1
29,Th,3,2012,02:09,3.6,08:21,1.2,14:27,3.5,20:39,1.2
30,Fr,3,2012,02:53,3.5,09:07,1.4,15:16,3.4,21:28,1.4
31,Sa,3,2012,03:48,3.4,10:06,1.5,16:17,3.3,22:30,1.4
1,Su,4,2012,04:55,3.3,11:20,1.5,17:28,3.3,23:47,1.4
2,Mo,4,2012,06:09,3.4,12:35,1.3,18:42,3.4,,
3,Tu,4,2012,01:02,1.3,07:18,3.6,13:40,1.1,19:50,3.6
4,We,4,2012,02:06,1.0,08:18,3.8,14:36,0.8,20:48,3.9
5,Th,4,2012,03:01,0.7,09:12,4.1,15:28,0.6,21:41,4.1
6,Fr,4,2012,03:51,0.5,10:02,4.3,16:16,0.3,22:29,4.3
7,Sa,4,2012,04:39,0.3,10:49,4.4,17:03,0.2,23:16,4.4
8,Su,4,2012,05:25,0.2,11:36,4.4,17:48,0.2,,
9,Mo,4,2012,00:02,4.4,06:11,0.3,12:22,4.3,18:34,0.3
10,Tu,4,2012,00:47,4.3,06:58,0.4,13:09,4.1,19:21,0.5
11,We,4,2012,01:34,4.1,07:46,0.6,13:58,3.9,20:09,0.7
12,Th,4,2012,02:24,3.9,08:39,0.9,14:52,3.7,21:02,0.9
13,Fr,4,2012,03:21,3.8,09:37,1.1,15:54,3.5,22:02,1.2
14,Sa,4,2012,04:26,3.6,10:43,1.2,17:03,3.4,23:10,1.3
15,Su,4,2012,05:34,3.5,11:51,1.3,18:10,3.4,,
16,Mo,4,2012,00:18,1.3,06:40,3.6,12:54,1.2,19:13,3.5
17,Tu,4,2012,01:22,1.2,07:39,3.6,13:51,1.1,20:10,3.6
18,We,4,2012,02:17,1.1,08:31,3.8,14:42,0.9,21:00,3.8
19,Th,4,2012,03:05,0.9,09:17,3.9,15:26,0.8,21:44,3.9
20,Fr,4,2012,03:48,0.8,09:58,3.9,16:07,0.7,22:23,4.0
21,Sa,4,2012,04:27,0.7,10:35,4.0,16:44,0.7,22:58,4.0
22,Su,4,2012,05:04,0.7,11:08,3.9,17:19,0.7,23:31,4.0
23,Mo,4,2012,05:38,0.8,11:41,3.9,17:53,0.7,,
24,Tu,4,2012,00:02,4.0,06:12,0.8,12:13,3.8,18:26,0.8
25,We,4,2012,00:34,3.9,06:46,0.9,12:47,3.8,19:00,0.9
26,Th,4,2012,01:09,3.8,07:22,1.0,13:25,3.7,19:37,1.0
27,Fr,4,2012,01:47,3.7,08:02,1.1,14:07,3.5,20:18,1.1
28,Sa,4,2012,02:31,3.6,08:49,1.2,14:55,3.5,21:07,1.2
29,Su,4,2012,03:23,3.5,09:45,1.3,15:53,3.4,22:06,1.3
30,Mo,4,2012,04:25,3.5,10:50,1.3,16:59,3.4,23:14,1.3
1,Tu,5,2012,05:32,3.6,11:58,1.2,18:07,3.5,,
2,We,5,2012,00:25,1.2,06:38,3.7,13:02,1.0,19:13,3.7
3,Th,5,2012,01:30,1.0,07:41,3.9,14:02,0.8,20:16,3.9
4,Fr,5,2012,02:30,0.8,08:40,4.0,14:58,0.6,21:13,4.1
5,Sa,5,2012,03:25,0.6,09:35,4.2,15:50,0.4,22:06,4.3
6,Su,5,2012,04:16,0.4,10:27,4.3,16:40,0.3,22:56,4.4
7,Mo,5,2012,05:06,0.3,11:18,4.3,17:29,0.3,23:44,4.4
8,Tu,5,2012,05:54,0.4,12:06,4.2,18:16,0.4,,
9,We,5,2012,00:32,4.3,06:43,0.5,12:55,4.1,19:04,0.5
10,Th,5,2012,01:20,4.1,07:32,0.7,13:45,3.9,19:53,0.7
11,Fr,5,2012,02:10,4.0,08:24,0.8,14:39,3.7,20:44,0.9
12,Sa,5,2012,03:03,3.8,09:19,1.0,15:36,3.6,21:40,1.1
13,Su,5,2012,04:01,3.7,10:18,1.1,16:37,3.5,22:41,1.2
14,Mo,5,2012,05:02,3.6,11:19,1.2,17:38,3.5,23:44,1.3
15,Tu,5,2012,06:02,3.6,12:18,1.2,18:37,3.5,,
16,We,5,2012,00:46,1.3,06:59,3.6,13:14,1.1,19:34,3.6
17,Th,5,2012,01:42,1.2,07:53,3.6,14:06,1.1,20:26,3.7
18,Fr,5,2012,02:33,1.1,08:42,3.7,14:54,1.0,21:13,3.8
19,Sa,5,2012,03:19,1.0,09:26,3.8,15:37,0.9,21:54,3.9
20,Su,5,2012,04:00,0.9,10:06,3.8,16:16,0.8,22:32,3.9
21,Mo,5,2012,04:39,0.9,10:43,3.8,16:53,0.8,23:07,4.0
22,Tu,5,2012,05:15,0.9,11:18,3.8,17:29,0.8,23:41,4.0
23,We,5,2012,05:51,0.9,11:54,3.8,18:05,0.8,,
24,Th,5,2012,00:15,3.9,06:28,0.9,12:30,3.7,18:41,0.9
25,Fr,5,2012,00:51,3.9,07:06,1.0,13:09,3.7,19:20,0.9
26,Sa,5,2012,01:30,3.8,07:48,1.0,13:51,3.6,20:02,1.0
27,Su,5,2012,02:13,3.7,08:34,1.1,14:39,3.6,20:50,1.1
28,Mo,5,2012,03:03,3.7,09:26,1.1,15:32,3.6,21:44,1.2
29,Tu,5,2012,03:59,3.7,10:23,1.1,16:31,3.6,22:46,1.2
30,We,5,2012,05:00,3.7,11:25,1.0,17:35,3.6,23:52,1.1
31,Th,5,2012,06:03,3.7,12:28,0.9,18:40,3.7,,
1,Fr,6,2012,00:58,1.0,07:07,3.8,13:30,0.8,19:46,3.9
2,Sa,6,2012,02:02,0.8,08:11,3.9,14:31,0.7,20:48,4.0
3,Su,6,2012,03:02,0.7,09:13,4.0,15:28,0.5,21:46,4.2
4,Mo,6,2012,03:57,0.5,10:09,4.1,16:21,0.4,22:39,4.3
5,Tu,6,2012,04:50,0.5,11:03,4.1,17:12,0.4,23:29,4.3
6,We,6,2012,05:39,0.4,11:53,4.1,18:00,0.4,,
7,Th,6,2012,00:16,4.3,06:28,0.5,12:41,4.0,18:47,0.5
8,Fr,6,2012,01:03,4.2,07:16,0.6,13:29,3.9,19:34,0.7
9,Sa,6,2012,01:50,4.0,08:04,0.8,14:17,3.8,20:22,0.9
10,Su,6,2012,02:37,3.9,08:53,0.9,15:07,3.6,21:11,1.0
11,Mo,6,2012,03:27,3.7,09:44,1.1,16:00,3.5,22:05,1.2
12,Tu,6,2012,04:20,3.6,10:38,1.2,16:55,3.5,23:02,1.3
13,We,6,2012,05:16,3.5,11:34,1.2,17:53,3.4,,
14,Th,6,2012,00:02,1.4,06:13,3.5,12:30,1.3,18:52,3.5
15,Fr,6,2012,01:02,1.4,07:10,3.5,13:26,1.2,19:49,3.5
16,Sa,6,2012,01:58,1.3,08:04,3.5,14:19,1.1,20:41,3.6
17,Su,6,2012,02:49,1.2,08:54,3.6,15:07,1.0,21:26,3.8
18,Mo,6,2012,03:34,1.1,09:39,3.7,15:50,0.9,22:07,3.9
19,Tu,6,2012,04:15,1.0,10:20,3.7,16:30,0.9,22:45,3.9
20,We,6,2012,04:54,0.9,10:59,3.8,17:08,0.8,23:21,4.0
21,Th,6,2012,05:32,0.8,11:37,3.8,17:46,0.8,23:57,4.0
22,Fr,6,2012,06:11,0.8,12:15,3.8,18:24,0.8,,
23,Sa,6,2012,00:34,4.0,06:50,0.8,12:55,3.8,19:04,0.8
24,Su,6,2012,01:13,4.0,07:32,0.8,13:36,3.8,19:46,0.8
25,Mo,6,2012,01:56,3.9,08:16,0.9,14:21,3.7,20:32,0.9
26,Tu,6,2012,02:42,3.8,09:04,0.9,15:10,3.7,21:23,1.0
27,We,6,2012,03:34,3.8,09:57,0.9,16:05,3.7,22:20,1.1
28,Th,6,2012,04:31,3.7,10:55,1.0,17:07,3.7,23:23,1.1
29,Fr,6,2012,05:34,3.7,11:57,1.0,18:13,3.7,,
30,Sa,6,2012,00:31,1.1,06:41,3.7,13:03,0.9,19:22,3.8
1,Su,7,2012,01:39,1.0,07:50,3.8,14:09,0.8,20:30,3.9
2,Mo,7,2012,02:44,0.8,08:56,3.9,15:10,0.7,21:30,4.1
3,Tu,7,2012,03:42,0.7,09:56,4.0,16:05,0.5,22:24,4.2
4,We,7,2012,04:35,0.5,10:49,4.1,16:56,0.5,23:13,4.3
5,Th,7,2012,05:24,0.5,11:38,4.1,17:43,0.5,23:59,4.3
6,Fr,7,2012,06:10,0.5,12:23,4.0,18:28,0.5,,
7,Sa,7,2012,00:42,4.2,06:54,0.6,13:07,4.0,19:11,0.6
8,Su,7,2012,01:23,4.1,07:37,0.7,13:49,3.8,19:54,0.8
9,Mo,7,2012,02:04,3.9,08:20,0.9,14:31,3.7,20:37,1.0
10,Tu,7,2012,02:46,3.8,09:04,1.0,15:15,3.6,21:22,1.2
11,We,7,2012,03:31,3.6,09:50,1.2,16:03,3.5,22:12,1.3
12,Th,7,2012,04:21,3.5,10:41,1.3,16:59,3.4,23:10,1.5
13,Fr,7,2012,05:17,3.4,11:37,1.4,18:01,3.4,,
14,Sa,7,2012,00:14,1.5,06:19,3.3,12:39,1.4,19:07,3.4
15,Su,7,2012,01:20,1.5,07:23,3.4,13:41,1.3,20:06,3.5
16,Mo,7,2012,02:18,1.3,08:22,3.5,14:36,1.2,20:57,3.6
17,Tu,7,2012,03:07,1.2,09:13,3.6,15:24,1.0,21:41,3.8
18,We,7,2012,03:51,1.0,09:58,3.7,16:06,0.9,22:21,3.9
19,Th,7,2012,04:32,0.8,10:39,3.8,16:47,0.8,22:59,4.0
20,Fr,7,2012,05:11,0.7,11:18,3.9,17:26,0.7,23:37,4.1
21,Sa,7,2012,05:51,0.6,11:57,4.0,18:06,0.6,,
22,Su,7,2012,00:15,4.1,06:31,0.6,12:37,4.0,18:46,0.6
23,Mo,7,2012,00:54,4.1,07:12,0.6,13:18,4.0,19:28,0.7
24,Tu,7,2012,01:36,4.1,07:55,0.6,14:01,3.9,20:12,0.8
25,We,7,2012,02:21,4.0,08:41,0.7,14:49,3.8,21:01,0.9
26,Th,7,2012,03:11,3.9,09:32,0.8,15:42,3.7,21:56,1.0
27,Fr,7,2012,04:07,3.7,10:28,1.0,16:43,3.7,23:00,1.1
28,Sa,7,2012,05:11,3.6,11:32,1.0,17:52,3.6,,
29,Su,7,2012,00:11,1.2,06:22,3.6,12:43,1.1,19:06,3.7
30,Mo,7,2012,01:23,1.1,07:37,3.6,13:52,1.0,20:15,3.8
31,Tu,7,2012,02:29,0.9,08:45,3.8,14:55,0.8,21:16,4.0
1,We,8,2012,03:27,0.7,09:43,3.9,15:50,0.6,22:08,4.2
2,Th,8,2012,04:18,0.6,10:34,4.0,16:39,0.5,22:55,4.2
3,Fr,8,2012,05:04,0.5,11:19,4.1,17:23,0.5,23:37,4.3
4,Sa,8,2012,05:48,0.5,12:01,4.1,18:05,0.5,,
5,Su,8,2012,00:16,4.2,06:28,0.5,12:39,4.0,18:44,0.6
6,Mo,8,2012,00:53,4.1,07:07,0.6,13:16,3.9,19:23,0.7
7,Tu,8,2012,01:29,3.9,07:45,0.8,13:52,3.8,20:00,0.9
8,We,8,2012,02:04,3.8,08:22,1.0,14:29,3.7,20:39,1.1
9,Th,8,2012,02:42,3.6,09:01,1.1,15:10,3.5,21:21,1.3
10,Fr,8,2012,03:26,3.5,09:44,1.3,16:00,3.4,22:12,1.5
11,Sa,8,2012,04:19,3.3,10:36,1.4,17:01,3.3,23:18,1.6
12,Su,8,2012,05:23,3.2,11:42,1.5,18:15,3.3,,
13,Mo,8,2012,00:35,1.6,06:37,3.2,12:57,1.5,19:26,3.4
14,Tu,8,2012,01:43,1.5,07:47,3.4,14:02,1.3,20:24,3.6
15,We,8,2012,02:37,1.2,08:44,3.5,14:55,1.1,21:11,3.8
16,Th,8,2012,03:23,1.0,09:32,3.7,15:40,0.9,21:53,4.0
17,Fr,8,2012,04:05,0.8,10:15,3.9,16:22,0.7,22:34,4.1
18,Sa,8,2012,04:46,0.6,10:56,4.1,17:03,0.5,23:13,4.2
19,Su,8,2012,05:27,0.4,11:36,4.2,17:44,0.4,23:53,4.3
20,Mo,8,2012,06:08,0.4,12:17,4.2,18:26,0.4,,
21,Tu,8,2012,00:34,4.3,06:50,0.4,12:58,4.2,19:08,0.5
22,We,8,2012,01:16,4.2,07:33,0.5,13:41,4.1,19:53,0.6
23,Th,8,2012,02:01,4.0,08:19,0.6,14:28,3.9,20:42,0.8
24,Fr,8,2012,02:51,3.8,09:09,0.8,15:22,3.8,21:37,1.0
25,Sa,8,2012,03:48,3.7,10:06,1.0,16:24,3.6,22:42,1.2
26,Su,8,2012,04:56,3.5,11:13,1.2,17:37,3.6,23:57,1.2
27,Mo,8,2012,06:12,3.5,12:27,1.2,18:53,3.6,,
28,Tu,8,2012,01:10,1.1,07:27,3.6,13:38,1.1,20:01,3.8
29,We,8,2012,02:14,1.0,08:32,3.7,14:39,0.9,20:59,4.0
30,Th,8,2012,03:09,0.8,09:27,3.9,15:32,0.7,21:48,4.1
31,Fr,8,2012,03:58,0.6,10:14,4.0,16:18,0.5,22:32,4.2
1,Sa,9,2012,04:42,0.5,10:57,4.1,17:00,0.5,23:12,4.2
2,Su,9,2012,05:22,0.5,11:35,4.1,17:40,0.5,23:48,4.2
3,Mo,9,2012,06:00,0.5,12:10,4.1,18:17,0.6,,
4,Tu,9,2012,00:22,4.1,06:36,0.6,12:43,4.0,18:52,0.7
5,We,9,2012,00:54,3.9,07:10,0.8,13:16,3.9,19:26,0.9
6,Th,9,2012,01:26,3.8,07:43,0.9,13:49,3.7,20:00,1.1
7,Fr,9,2012,02:01,3.6,08:17,1.1,14:26,3.6,20:38,1.3
8,Sa,9,2012,02:42,3.5,08:56,1.3,15:11,3.4,21:23,1.5
9,Su,9,2012,03:32,3.3,09:44,1.4,16:08,3.3,22:24,1.6
10,Mo,9,2012,04:34,3.2,10:47,1.6,17:20,3.3,23:44,1.6
11,Tu,9,2012,05:50,3.2,12:08,1.6,18:37,3.3,,
12,We,9,2012,01:00,1.5,07:06,3.3,13:22,1.4,19:42,3.5
13,Th,9,2012,02:00,1.2,08:09,3.5,14:20,1.1,20:35,3.8
14,Fr,9,2012,02:50,1.0,09:01,3.8,15:10,0.9,21:21,4.0
15,Sa,9,2012,03:36,0.7,09:47,4.0,15:55,0.6,22:05,4.2
16,Su,9,2012,04:19,0.5,10:30,4.2,16:39,0.4,22:48,4.3
17,Mo,9,2012,05:02,0.3,11:13,4.3,17:22,0.3,23:30,4.4
18,Tu,9,2012,05:45,0.2,11:56,4.3,18:05,0.3,,
19,We,9,2012,00:13,4.3,06:28,0.3,12:39,4.3,18:49,0.4
20,Th,9,2012,00:57,4.2,07:13,0.4,13:23,4.2,19:35,0.6
21,Fr,9,2012,01:44,4.0,07:59,0.6,14:11,4.0,20:25,0.8
22,Sa,9,2012,02:35,3.8,08:50,0.8,15:06,3.8,21:22,1.0
23,Su,9,2012,03:35,3.6,09:49,1.1,16:10,3.6,22:29,1.2
24,Mo,9,2012,04:46,3.5,10:57,1.2,17:24,3.6,23:42,1.2
25,Tu,9,2012,06:02,3.4,12:11,1.2,18:37,3.6,,
26,We,9,2012,00:52,1.2,07:12,3.5,13:19,1.1,19:41,3.7
27,Th,9,2012,01:54,1.0,08:13,3.7,14:19,0.9,20:36,3.9
28,Fr,9,2012,02:47,0.8,09:05,3.9,15:10,0.8,21:24,4.0
29,Sa,9,2012,03:34,0.6,09:51,4.0,15:55,0.6,22:07,4.1
30,Su,9,2012,04:16,0.5,10:32,4.1,16:36,0.6,22:45,4.1
1,Mo,10,2012,04:55,0.5,11:09,4.1,17:14,0.6,23:20,4.1
2,Tu,10,2012,05:32,0.6,11:43,4.1,17:49,0.6,23:53,4.0
3,We,10,2012,06:06,0.6,12:14,4.0,18:23,0.8,,
4,Th,10,2012,00:24,3.9,06:38,0.8,12:45,3.9,18:56,0.9
5,Fr,10,2012,00:55,3.8,07:10,0.9,13:17,3.8,19:30,1.1
6,Sa,10,2012,01:30,3.6,07:44,1.1,13:53,3.6,20:07,1.2
7,Su,10,2012,02:10,3.5,08:22,1.2,14:36,3.5,20:51,1.4
8,Mo,10,2012,02:57,3.3,09:08,1.4,15:28,3.4,21:47,1.5
9,Tu,10,2012,03:56,3.2,10:06,1.5,16:34,3.3,22:59,1.5
10,We,10,2012,05:07,3.2,11:21,1.5,17:46,3.4,,
11,Th,10,2012,00:13,1.4,06:21,3.3,12:37,1.4,18:54,3.5
12,Fr,10,2012,01:17,1.2,07:28,3.5,13:41,1.2,19:54,3.7
13,Sa,10,2012,02:13,0.9,08:25,3.8,14:37,0.9,20:47,4.0
14,Su,10,2012,03:04,0.6,09:17,4.0,15:27,0.6,21:36,4.2
15,Mo,10,2012,03:52,0.4,10:05,4.2,16:14,0.4,22:23,4.3
16,Tu,10,2012,04:38,0.3,10:51,4.4,17:00,0.3,23:09,4.4
17,We,10,2012,05:23,0.2,11:36,4.4,17:46,0.3,23:55,4.3
18,Th,10,2012,06:09,0.3,12:22,4.3,18:33,0.4,,
19,Fr,10,2012,00:42,4.2,06:55,0.4,13:08,4.2,19:21,0.6
20,Sa,10,2012,01:31,4.0,07:43,0.6,13:57,4.0,20:12,0.8
21,Su,10,2012,02:23,3.8,08:35,0.8,14:52,3.8,21:09,1.0
22,Mo,10,2012,03:24,3.6,09:33,1.1,15:55,3.7,22:13,1.1
23,Tu,10,2012,04:32,3.5,10:38,1.2,17:04,3.6,23:21,1.2
24,We,10,2012,05:42,3.5,11:47,1.2,18:11,3.6,,
25,Th,10,2012,00:26,1.1,06:47,3.5,12:53,1.2,19:12,3.7
26,Fr,10,2012,01:26,1.0,07:46,3.6,13:52,1.1,20:07,3.8
27,Sa,10,2012,02:19,0.9,08:39,3.8,14:44,0.9,20:56,3.9
28,Su,10,2012,03:06,0.8,09:25,3.9,15:29,0.8,21:40,4.0
29,Mo,10,2012,03:49,0.7,10:07,4.0,16:11,0.7,22:19,4.0
30,Tu,10,2012,04:29,0.6,10:44,4.1,16:49,0.7,22:54,4.0
31,We,10,2012,05:05,0.6,11:18,4.1,17:25,0.7,23:27,3.9
1,Th,11,2012,05:39,0.7,11:50,4.0,17:59,0.8,23:59,3.9
2,Fr,11,2012,06:12,0.8,12:21,3.9,18:33,0.9,,
3,Sa,11,2012,00:32,3.8,06:45,0.9,12:54,3.8,19:08,1.0
4,Su,11,2012,01:08,3.7,07:20,1.0,13:30,3.7,19:46,1.1
5,Mo,11,2012,01:47,3.5,07:58,1.1,14:11,3.6,20:29,1.3
6,Tu,11,2012,02:33,3.4,08:43,1.3,14:59,3.5,21:21,1.3
7,We,11,2012,03:27,3.3,09:37,1.4,15:57,3.5,22:23,1.4
8,Th,11,2012,04:30,3.3,10:43,1.4,17:02,3.5,23:29,1.3
9,Fr,11,2012,05:39,3.4,11:54,1.3,18:08,3.6,,
10,Sa,11,2012,00:34,1.1,06:46,3.6,13:01,1.2,19:12,3.7
11,Su,11,2012,01:35,0.9,07:49,3.8,14:03,0.9,20:12,3.9
12,Mo,11,2012,02:32,0.7,08:47,4.0,14:59,0.7,21:08,4.1
13,Tu,11,2012,03:25,0.5,09:41,4.2,15:52,0.5,22:01,4.2
14,We,11,2012,04:16,0.3,10:31,4.3,16:42,0.4,22:52,4.3
15,Th,11,2012,05:04,0.2,11:20,4.4,17:30,0.3,23:41,4.2
16,Fr,11,2012,05:52,0.3,12:07,4.4,18:19,0.4,,
17,Sa,11,2012,00:30,4.2,06:40,0.4,12:55,4.3,19:08,0.5
18,Su,11,2012,01:19,4.0,07:28,0.6,13:44,4.1,19:58,0.7
19,Mo,11,2012,02:11,3.8,08:18,0.8,14:36,3.9,20:52,0.9
20,Tu,11,2012,03:07,3.7,09:12,1.0,15:32,3.8,21:50,1.0
21,We,11,2012,04:07,3.5,10:12,1.1,16:33,3.7,22:50,1.1
22,Th,11,2012,05:10,3.5,11:15,1.2,17:35,3.6,23:51,1.2
23,Fr,11,2012,06:12,3.5,12:18,1.3,18:35,3.6,,
24,Sa,11,2012,00:50,1.1,07:12,3.5,13:19,1.2,19:32,3.6
25,Su,11,2012,01:46,1.1,08:08,3.7,14:14,1.1,20:24,3.7
26,Mo,11,2012,02:36,1.0,08:58,3.8,15:03,1.0,21:11,3.8
27,Tu,11,2012,03:22,0.9,09:42,3.9,15:47,0.9,21:54,3.8
28,We,11,2012,04:04,0.8,10:21,4.0,16:27,0.9,22:32,3.9
29,Th,11,2012,04:42,0.7,10:57,4.0,17:04,0.8,23:07,3.9
30,Fr,11,2012,05:17,0.7,11:30,4.0,17:40,0.8,23:41,3.8
1,Sa,12,2012,05:52,0.8,12:03,4.0,18:15,0.9,,
2,Su,12,2012,00:16,3.8,06:27,0.8,12:36,3.9,18:51,0.9
3,Mo,12,2012,00:52,3.7,07:03,0.9,13:12,3.9,19:29,1.0
4,Tu,12,2012,01:30,3.7,07:41,1.0,13:51,3.8,20:11,1.1
5,We,12,2012,02:13,3.6,08:24,1.1,14:36,3.7,20:58,1.1
6,Th,12,2012,03:02,3.5,09:13,1.2,15:27,3.6,21:52,1.1
7,Fr,12,2012,03:58,3.5,10:11,1.2,16:25,3.6,22:51,1.1
8,Sa,12,2012,05:00,3.5,11:16,1.2,17:28,3.6,23:55,1.1
9,Su,12,2012,06:07,3.6,12:24,1.2,18:34,3.7,,
10,Mo,12,2012,00:59,1.0,07:15,3.7,13:31,1.0,19:40,3.8
11,Tu,12,2012,02:02,0.8,08:20,3.9,14:34,0.8,20:44,4.0
12,We,12,2012,03:02,0.6,09:21,4.1,15:32,0.6,21:43,4.1
13,Th,12,2012,03:57,0.4,10:15,4.3,16:26,0.5,22:38,4.2
14,Fr,12,2012,04:49,0.3,11:06,4.4,17:16,0.4,23:29,4.2
15,Sa,12,2012,05:37,0.3,11:54,4.4,18:05,0.4,,
16,Su,12,2012,00:18,4.2,06:25,0.4,12:41,4.3,18:53,0.5
17,Mo,12,2012,01:05,4.1,07:11,0.5,13:27,4.2,19:41,0.6
18,Tu,12,2012,01:53,3.9,07:58,0.7,14:14,4.0,20:29,0.8
19,We,12,2012,02:41,3.8,08:47,0.9,15:02,3.9,21:19,0.9
20,Th,12,2012,03:33,3.6,09:38,1.1,15:54,3.7,22:12,1.1
21,Fr,12,2012,04:28,3.5,10:34,1.2,16:49,3.6,23:08,1.2
22,Sa,12,2012,05:27,3.4,11:35,1.4,17:49,3.5,,
23,Su,12,2012,00:07,1.3,06:30,3.4,12:39,1.4,18:50,3.5
24,Mo,12,2012,01:07,1.3,07:32,3.5,13:40,1.3,19:49,3.5
25,Tu,12,2012,02:04,1.2,08:28,3.6,14:35,1.2,20:43,3.6
26,We,12,2012,02:55,1.1,09:16,3.7,15:23,1.1,21:30,3.7
27,Th,12,2012,03:40,1.0,09:59,3.8,16:05,1.0,22:11,3.7
28,Fr,12,2012,04:20,0.8,10:36,3.9,16:44,0.9,22:49,3.8
29,Sa,12,2012,04:57,0.8,11:11,4.0,17:21,0.8,23:25,3.9
30,Su,12,2012,05:33,0.7,11:45,4.0,17:57,0.8,,
31,Mo,12,2012,00:00,3.9,06:09,0.7,12:19,4.0,18:34,0.8
